{
  "project_info": {
    "project_number": "668965673854",
    "project_id": "drugstore-9b873",
    "storage_bucket": "drugstore-9b873.appspot.com"
  },
  "client": [
    {
      "client_info": {
        "mobilesdk_app_id": "1:668965673854:android:574de1cb1ea76aa84f712f",
        "android_client_info": {
          "package_name": "com.frontendsource.drugstore"
        }
      },
      "oauth_client": [
        {
          "client_id": "668965673854-tgognipqa37skaj9ns9ivnnp70r4brav.apps.googleusercontent.com",
          "client_type": 1,
          "android_info": {
            "package_name": "com.frontendsource.drugstore",
            "certificate_hash": "2c1e00f377a13de073b109062b69fe650cf3729f"
          }
        },
        {
          "client_id": "668965673854-q0ceredo4h3m7j7i10ff9p8b9q4vq51n.apps.googleusercontent.com",
          "client_type": 3
        }
      ],
      "api_key": [
        {
          "current_key": "AIzaSyBrdCh1jNwCBTbRd0iWJnOfiItImZ8h23E"
        }
      ],
      "services": {
        "appinvite_service": {
          "other_platform_oauth_client": [
            {
              "client_id": "668965673854-q0ceredo4h3m7j7i10ff9p8b9q4vq51n.apps.googleusercontent.com",
              "client_type": 3
            }
          ]
        }
      }
    }
  ],
  "configuration_version": "1"
}